year,month,temp_max_c,temp_min_c,temp_mean_c,rainfall_mm,humidity_mean_pct,wind_speed_max,heat_index_c,extreme_heat_days,evapotrans_mm,season,date,cholera_cases,cholera_deaths,outbreak_year,incidence_per_10k,population,temp_mean_lag1,rainfall_lag1,heat_index_lag1,temp_mean_lag2,rainfall_lag2,heat_index_lag2,temp_3m_rolling,rainfall_3m_cumul,malaria_cases,temp_anomaly,is_long_rains,is_short_rains,is_dry
2010,3,32.7,25.0,28.28,114.5,76.6,25.8,32.13,0,147.8,Long Rains,2010-03-01,2,0,False,0.0167,1200000,28.49,50.0,32.3,27.95,45.9,31.07,28.24,210.4,158,0.32,1,0,0
2010,4,30.9,24.6,26.92,201.9,83.6,21.3,29.85,0,105.98,Long Rains,2010-04-01,2,0,False,0.0167,1200000,28.28,114.5,32.13,28.49,50.0,32.3,27.9,366.4,128,0.46,1,0,0
2010,5,29.8,24.4,26.49,88.7,81.9,21.8,28.74,0,107.83,Long Rains,2010-05-01,1,0,False,0.0083,1200000,26.92,201.9,29.85,28.28,114.5,32.13,27.23,405.1,115,0.67,1,0,0
2010,6,29.2,23.3,25.76,45.5,75.1,26.3,27.08,0,113.42,Dry Season,2010-06-01,0,0,False,0.0,1200000,26.49,88.7,28.74,26.92,201.9,29.85,26.39,336.1,92,0.47,0,0,1
2010,7,28.9,22.2,25.06,18.1,71.1,27.7,26.05,0,127.23,Dry Season,2010-07-01,0,0,False,0.0,1200000,25.76,45.5,27.08,26.49,88.7,28.74,25.77,152.3,89,0.32,0,0,1
2010,8,29.4,22.2,25.11,14.7,69.7,33.0,26.09,0,137.9,Dry Season,2010-08-01,0,0,False,0.0,1200000,25.06,18.1,26.05,25.76,45.5,27.08,25.31,78.3,136,0.27,0,0,1
2010,9,29.4,21.7,25.4,11.9,70.4,26.3,26.47,0,142.07,Dry Season,2010-09-01,1,0,False,0.0083,1200000,25.11,14.7,26.09,25.06,18.1,26.05,25.19,44.7,179,-0.02,0,0,1
2010,10,31.6,21.7,26.58,18.5,71.3,23.1,28.27,0,159.47,Short Rains,2010-10-01,2,0,False,0.0167,1200000,25.4,11.9,26.47,25.11,14.7,26.09,25.7,45.1,236,0.29,0,1,0
2010,11,30.6,23.8,26.93,76.6,78.2,21.9,29.4,0,138.78,Short Rains,2010-11-01,1,0,False,0.0083,1200000,26.58,18.5,28.27,25.4,11.9,26.47,26.3,107.0,310,0.09,0,1,0
2010,12,30.6,24.2,27.4,77.7,77.1,23.3,30.25,0,150.49,Short Rains,2010-12-01,1,0,False,0.0083,1200000,26.93,76.6,29.4,26.58,18.5,28.27,26.97,172.8,529,-0.17,0,1,0
2011,1,31.3,25.5,28.12,32.6,71.5,32.6,31.12,0,170.9,Dry Season,2011-01-01,0,0,False,0.0,1235000,27.4,77.7,30.25,26.93,76.6,29.4,27.48,186.9,259,0.08,0,0,0
2011,2,32.8,25.1,28.16,38.2,72.3,32.7,31.3,0,149.02,Dry Season,2011-02-01,0,0,False,0.0,1235000,28.12,32.6,31.12,27.4,77.7,30.25,27.89,148.5,186,-0.22,0,0,0
2011,3,32.1,24.8,27.95,84.0,75.3,25.0,31.23,0,148.87,Long Rains,2011-03-01,1,0,False,0.0081,1235000,28.16,38.2,31.3,28.12,32.6,31.12,28.08,154.8,111,-0.01,1,0,0
2011,4,30.0,24.0,26.42,200.5,83.6,21.6,28.71,0,106.3,Long Rains,2011-04-01,1,0,False,0.0081,1235000,27.95,84.0,31.23,28.16,38.2,31.3,27.51,322.7,92,-0.04,1,0,0
2011,5,29.6,23.8,26.03,88.3,81.7,23.7,27.72,0,109.08,Long Rains,2011-05-01,1,0,False,0.0081,1235000,26.42,200.5,28.71,27.95,84.0,31.23,26.8,372.8,95,0.21,1,0,0
2011,6,29.7,23.3,25.68,22.6,75.4,26.9,26.94,0,115.51,Dry Season,2011-06-01,0,0,False,0.0,1235000,26.03,88.3,27.72,26.42,200.5,28.71,26.04,311.4,80,0.39,0,0,1
2011,7,29.0,22.4,25.25,13.8,70.0,27.2,26.29,0,132.03,Dry Season,2011-07-01,0,0,False,0.0,1235000,25.68,22.6,26.94,26.03,88.3,27.72,25.65,124.7,79,0.51,0,0,1
2011,8,29.9,22.1,25.22,20.1,71.1,26.2,26.22,0,135.95,Dry Season,2011-08-01,0,0,False,0.0,1235000,25.25,13.8,26.29,25.68,22.6,26.94,25.38,56.5,95,0.38,0,0,1
2011,9,30.4,22.2,25.69,29.7,72.8,23.0,26.91,0,135.67,Dry Season,2011-09-01,0,0,False,0.0,1235000,25.22,20.1,26.22,25.25,13.8,26.29,25.39,63.6,144,0.27,0,0,1
2011,10,31.6,23.0,26.2,60.7,76.0,26.3,27.83,0,143.61,Short Rains,2011-10-01,1,0,False,0.0081,1235000,25.69,29.7,26.91,25.22,20.1,26.22,25.7,110.5,164,-0.09,0,1,0
2011,11,31.7,24.0,26.69,153.1,80.7,21.2,29.02,0,125.99,Short Rains,2011-11-01,1,0,False,0.0081,1235000,26.2,60.7,27.83,25.69,29.7,26.91,26.19,243.5,266,-0.15,0,1,0
2011,12,31.0,24.7,27.49,105.6,80.2,27.8,30.88,0,143.25,Short Rains,2011-12-01,1,0,False,0.0081,1235000,26.69,153.1,29.02,26.2,60.7,27.83,26.79,319.4,368,-0.08,0,1,0
2012,1,30.7,25.6,27.76,11.5,73.7,27.8,30.67,0,166.79,Dry Season,2012-01-01,0,0,False,0.0,1270000,27.49,105.6,30.88,26.69,153.1,29.02,27.31,270.2,214,-0.28,0,0,0
2012,2,32.3,24.1,27.94,34.900000000000006,71.8,28.6,30.81,0,158.93,Dry Season,2012-02-01,0,0,False,0.0,1270000,27.76,11.5,30.67,27.49,105.6,30.88,27.73,152.0,192,-0.44,0,0,0
2012,3,31.2,24.7,27.84,83.5,77.2,20.3,31.26,0,146.38,Long Rains,2012-03-01,1,0,False,0.0079,1270000,27.94,34.900000000000006,30.81,27.76,11.5,30.67,27.85,129.9,100,-0.12,1,0,0
2012,4,32.1,23.5,26.91,183.8,77.2,25.0,29.16,0,120.37,Long Rains,2012-04-01,1,0,False,0.0079,1270000,27.84,83.5,31.26,27.94,34.900000000000006,30.81,27.56,302.2,90,0.45,1,0,0
2012,5,28.8,21.8,25.57,148.3,81.8,27.5,26.84,0,102.48,Long Rains,2012-05-01,1,0,False,0.0079,1270000,26.91,183.8,29.16,27.84,83.5,31.26,26.77,415.6,92,-0.25,1,0,0
2012,6,28.8,22.7,25.28,30.4,75.5,27.7,26.33,0,115.8,Dry Season,2012-06-01,0,0,False,0.0,1270000,25.57,148.3,26.84,26.91,183.8,29.16,25.92,362.5,64,-0.01,0,0,1
2012,7,28.5,21.8,24.8,14.0,73.1,28.7,25.71,0,122.27,Dry Season,2012-07-01,0,0,False,0.0,1270000,25.28,30.4,26.33,25.57,148.3,26.84,25.22,192.7,74,0.06,0,0,1
2012,8,29.1,22.0,24.97,28.3,72.8,23.2,25.89,0,130.43,Dry Season,2012-08-01,0,0,False,0.0,1270000,24.8,14.0,25.71,25.28,30.4,26.33,25.02,72.7,83,0.12,0,0,1
2012,9,30.3,21.4,25.81,8.8,70.4,21.5,27.04,0,143.49,Dry Season,2012-09-01,0,0,False,0.0,1270000,24.97,28.3,25.89,24.8,14.0,25.71,25.19,51.1,113,0.39,0,0,1
2012,10,31.4,23.7,26.77,26.0,69.7,22.6,28.47,0,159.65,Short Rains,2012-10-01,1,0,False,0.0079,1270000,25.81,8.8,27.04,24.97,28.3,25.89,25.85,63.1,179,0.48,0,1,0
2012,11,31.2,23.9,27.25,78.3,76.6,26.8,29.97,0,139.37,Short Rains,2012-11-01,1,0,False,0.0079,1270000,26.77,26.0,28.47,25.81,8.8,27.04,26.61,113.1,280,0.41,0,1,0
2012,12,31.5,24.5,27.79,107.9,77.7,23.1,31.25,0,146.46,Short Rains,2012-12-01,1,0,False,0.0079,1270000,27.25,78.3,29.97,26.77,26.0,28.47,27.27,212.2,367,0.22,0,1,0
2013,1,32.2,25.1,28.37,46.6,73.8,27.9,31.99,0,162.16,Dry Season,2013-01-01,0,0,False,0.0,1305000,27.79,107.9,31.25,27.25,78.3,29.97,27.8,232.8,172,0.33,0,0,0
2013,2,32.2,25.0,28.29,6.9,70.6,24.9,31.33,0,158.32999999999998,Dry Season,2013-02-01,0,0,False,0.0,1305000,28.37,46.6,31.99,27.79,107.9,31.25,28.15,161.4,136,-0.09,0,0,0
2013,3,32.0,24.4,27.19,183.0,81.5,20.0,30.27,0,119.02,Long Rains,2013-03-01,0,0,False,0.0,1305000,28.29,6.9,31.33,28.37,46.6,31.99,27.95,236.5,94,-0.77,1,0,0
2013,4,30.6,24.1,26.75,155.0,82.8,22.5,29.43,0,109.52,Long Rains,2013-04-01,0,0,False,0.0,1305000,27.19,183.0,30.27,28.29,6.9,31.33,27.41,344.9,74,0.29,1,0,0
2013,5,28.7,23.6,25.73,96.6,81.6,25.5,27.13,0,103.82,Long Rains,2013-05-01,0,0,False,0.0,1305000,26.75,155.0,29.43,27.19,183.0,30.27,26.56,434.6,68,-0.09,1,0,0
2013,6,28.8,22.8,25.25,17.5,72.4,26.4,26.29,0,121.42,Dry Season,2013-06-01,0,0,False,0.0,1305000,25.73,96.6,27.13,26.75,155.0,29.43,25.91,269.1,60,-0.04,0,0,1
2013,7,28.9,21.9,24.71,14.1,72.0,27.0,25.61,0,122.88,Dry Season,2013-07-01,0,0,False,0.0,1305000,25.25,17.5,26.29,25.73,96.6,27.13,25.23,128.2,53,-0.03,0,0,1
2013,8,29.4,21.0,24.84,19.2,72.5,27.0,25.75,0,127.46,Dry Season,2013-08-01,0,0,False,0.0,1305000,24.71,14.1,25.61,25.25,17.5,26.29,24.93,50.8,82,-0.0,0,0,1
2013,9,30.3,21.8,25.53,34.6,72.1,25.0,26.67,0,139.66,Dry Season,2013-09-01,0,0,False,0.0,1305000,24.84,19.2,25.75,24.71,14.1,25.61,25.03,67.9,99,0.11,0,0,1
2013,10,31.0,23.0,26.23,43.1,73.3,23.9,27.72,0,148.21,Short Rains,2013-10-01,0,0,False,0.0,1305000,25.53,34.6,26.67,24.84,19.2,25.75,25.53,96.9,140,-0.06,0,1,0
2013,11,31.6,23.9,27.09,86.6,76.9,22.2,29.6,0,138.29,Short Rains,2013-11-01,0,0,False,0.0,1305000,26.23,43.1,27.72,25.53,34.6,26.67,26.28,164.3,201,0.25,0,1,0
2013,12,31.3,23.9,27.6,79.4,77.4,29.6,30.75,0,152.67,Short Rains,2013-12-01,0,0,False,0.0,1305000,27.09,86.6,29.6,26.23,43.1,27.72,26.97,209.1,286,0.03,0,1,0
2014,1,31.4,25.6,27.99,7.4,70.3,29.7,30.7,0,173.6,Dry Season,2014-01-01,0,0,False,0.0,1340000,27.6,79.4,30.75,27.09,86.6,29.6,27.56,173.4,146,-0.05,0,0,0
2014,2,31.9,25.9,28.27,12.9,72.6,26.1,31.57,0,146.03,Dry Season,2014-02-01,0,0,False,0.0,1340000,27.99,7.4,30.7,27.6,79.4,30.75,27.95,99.7,111,-0.11,0,0,0
2014,3,32.1,24.3,27.3,202.6,81.4,22.2,30.5,0,123.76,Long Rains,2014-03-01,1,0,False,0.0075,1340000,28.27,12.9,31.57,27.99,7.4,30.7,27.85,222.9,80,-0.66,1,0,0
2014,4,29.6,23.9,26.22,189.8,84.8,20.0,28.35,0,104.21,Long Rains,2014-04-01,1,0,False,0.0075,1340000,27.3,202.6,30.5,28.27,12.9,31.57,27.26,405.3,64,-0.24,1,0,0
2014,5,28.9,23.4,25.65,139.8,82.1,24.6,27.01,0,102.42,Long Rains,2014-05-01,1,0,False,0.0075,1340000,26.22,189.8,28.35,27.3,202.6,30.5,26.39,532.2,66,-0.17,1,0,0
2014,6,28.7,23.0,25.52,19.1,75.5,27.8,26.75,0,114.81,Dry Season,2014-06-01,0,0,False,0.0,1340000,25.65,139.8,27.01,26.22,189.8,28.35,25.8,348.7,53,0.23,0,0,1
2014,7,28.7,22.4,25.02,25.6,73.4,28.4,25.95,0,122.9,Dry Season,2014-07-01,0,0,False,0.0,1340000,25.52,19.1,26.75,25.65,139.8,27.01,25.4,184.5,49,0.28,0,0,1
2014,8,29.6,20.9,25.17,13.9,73.9,22.5,26.19,0,128.6,Dry Season,2014-08-01,0,0,False,0.0,1340000,25.02,25.6,25.95,25.52,19.1,26.75,25.24,58.6,66,0.33,0,0,1
2014,9,29.2,22.6,25.23,33.9,73.2,28.2,26.27,0,134.21,Dry Season,2014-09-01,0,0,False,0.0,1340000,25.17,13.9,26.19,25.02,25.6,25.95,25.14,73.4,76,-0.19,0,0,1
2014,10,30.8,22.6,26.47,36.3,74.2,32.6,28.23,0,149.87,Short Rains,2014-10-01,1,0,False,0.0075,1340000,25.23,33.9,26.27,25.17,13.9,26.19,25.62,84.1,100,0.18,0,1,0
2014,11,32.0,23.8,27.04,102.3,79.0,19.0,29.68,0,138.08,Short Rains,2014-11-01,1,0,False,0.0075,1340000,26.47,36.3,28.23,25.23,33.9,26.27,26.25,172.5,150,0.2,0,1,0
2014,12,31.1,24.3,27.69,69.2,77.5,26.5,30.92,0,148.34,Short Rains,2014-12-01,1,0,False,0.0075,1340000,27.04,102.3,29.68,26.47,36.3,28.23,27.07,207.8,218,0.12,0,1,0
2015,1,31.0,25.6,27.67,8.4,71.9,32.4,30.28,0,165.91,Dry Season,2015-01-01,34,0,True,0.2473,1375000,27.69,69.2,30.92,27.04,102.3,29.68,27.47,179.9,505,-0.37,0,0,0
2015,2,32.7,25.1,28.38,6.9,70.8,29.4,31.53,0,157.48,Dry Season,2015-02-01,33,0,True,0.24,1375000,27.67,8.4,30.28,27.69,69.2,30.92,27.91,84.5,409,-0.0,0,0,0
2015,3,32.6,24.1,27.45,156.1,76.5,24.0,30.08,0,138.35,Long Rains,2015-03-01,117,1,True,0.8509,1375000,28.38,6.9,31.53,27.67,8.4,30.28,27.83,171.4,280,-0.51,1,0,0
2015,4,30.6,23.7,26.98,97.4,81.1,23.8,29.77,0,118.6,Long Rains,2015-04-01,119,1,True,0.8655,1375000,27.45,156.1,30.08,28.38,6.9,31.53,27.6,260.4,209,0.52,1,0,0
2015,5,29.7,23.9,25.9,234.3,82.1,24.6,27.44,0,100.61,Long Rains,2015-05-01,91,1,True,0.6618,1375000,26.98,97.4,29.77,27.45,156.1,30.08,26.78,487.8,205,0.08,1,0,0
2015,6,29.8,22.8,25.67,20.9,74.1,24.9,26.93,0,117.89,Dry Season,2015-06-01,36,0,True,0.2618,1375000,25.9,234.3,27.44,26.98,97.4,29.77,26.18,352.6,175,0.38,0,0,1
2015,7,28.7,22.5,25.1,27.2,74.6,25.0,26.08,0,117.13,Dry Season,2015-07-01,24,0,True,0.1745,1375000,25.67,20.9,26.93,25.9,234.3,27.44,25.56,282.4,158,0.36,0,0,1
2015,8,29.5,22.1,25.27,14.2,71.7,31.3,26.32,0,133.91,Dry Season,2015-08-01,29,0,True,0.2109,1375000,25.1,27.2,26.08,25.67,20.9,26.93,25.35,62.3,232,0.43,0,0,1
2015,9,30.5,21.5,25.77,11.1,71.0,29.5,27.01,0,144.16,Dry Season,2015-09-01,39,0,True,0.2836,1375000,25.27,14.2,26.32,25.1,27.2,26.08,25.38,52.5,272,0.35,0,0,1
2015,10,31.9,23.7,27.15,23.6,71.7,22.8,29.25,0,157.39,Short Rains,2015-10-01,122,1,True,0.8873,1375000,25.77,11.1,27.01,25.27,14.2,26.32,26.06,48.9,435,0.86,0,1,0
2015,11,29.8,24.2,26.73,162.3,81.9,27.2,29.3,0,125.66,Short Rains,2015-11-01,135,1,True,0.9818,1375000,27.15,23.6,29.25,25.77,11.1,27.01,26.55,197.0,645,-0.11,0,1,0
2015,12,31.7,25.0,28.22,66.1,77.0,25.6,32.15,0,156.73,Short Rains,2015-12-01,81,1,True,0.5891,1375000,26.73,162.3,29.3,27.15,23.6,29.25,27.37,252.0,762,0.65,0,1,0
2016,1,31.8,25.2,28.57,43.5,74.4,26.4,32.52,0,154.01,Dry Season,2016-01-01,109,1,True,0.773,1410000,28.22,66.1,32.15,26.73,162.3,29.3,27.84,271.9,408,0.53,0,0,0
2016,2,32.5,26.0,28.43,9.8,72.2,29.0,31.88,0,150.93,Dry Season,2016-02-01,140,1,True,0.9929,1410000,28.57,43.5,32.52,28.22,66.1,32.15,28.41,119.4,415,0.05,0,0,0
2016,3,33.0,25.5,29.01,84.5,76.4,22.3,33.93,0,150.64,Long Rains,2016-03-01,408,4,True,2.8936,1410000,28.43,9.8,31.88,28.57,43.5,32.52,28.67,137.8,243,1.05,1,0,0
2016,4,30.5,24.4,26.79,341.2,84.5,26.5,29.63,0,94.8,Long Rains,2016-04-01,479,5,True,3.3972,1410000,29.01,84.5,33.93,28.43,9.8,31.88,28.08,435.5,203,0.33,1,0,0
2016,5,29.5,23.4,26.25,20.0,74.4,29.2,27.96,0,131.28,Long Rains,2016-05-01,381,4,True,2.7021,1410000,26.79,341.2,29.63,29.01,84.5,33.93,27.35,445.7,205,0.43,1,0,0
2016,6,29.4,22.6,25.51,18.6,73.0,28.5,26.66,0,124.33,Dry Season,2016-06-01,112,1,True,0.7943,1410000,26.25,20.0,27.96,26.79,341.2,29.63,26.18,379.8,138,0.22,0,0,1
2016,7,29.0,21.9,24.81,9.6,71.5,28.6,25.75,0,129.62,Dry Season,2016-07-01,92,1,True,0.6525,1410000,25.51,18.6,26.66,26.25,20.0,27.96,25.52,48.2,149,0.07,0,0,1
2016,8,29.1,21.8,24.94,19.5,72.1,28.2,25.88,0,131.4,Dry Season,2016-08-01,85,1,True,0.6028,1410000,24.81,9.6,25.75,25.51,18.6,26.66,25.09,47.7,175,0.1,0,0,1
2016,9,29.5,21.6,25.26,11.7,69.6,23.1,26.29,0,143.19,Dry Season,2016-09-01,177,2,True,1.2553,1410000,24.94,19.5,25.88,24.81,9.6,25.75,25.0,40.8,293,-0.16,0,0,1
2016,10,30.5,22.9,26.33,11.3,71.3,22.3,27.89,0,157.91,Short Rains,2016-10-01,398,4,True,2.8227,1410000,25.26,11.7,26.29,24.94,19.5,25.88,25.51,42.5,357,0.04,0,1,0
2016,11,31.4,24.4,27.2,50.0,74.2,21.7,29.58,0,148.06,Short Rains,2016-11-01,425,4,True,3.0142,1410000,26.33,11.3,27.89,25.26,11.7,26.29,26.26,73.0,518,0.36,0,1,0
2016,12,31.8,24.2,27.93,64.8,74.8,23.3,31.13,0,157.63,Short Rains,2016-12-01,278,3,True,1.9716,1410000,27.2,50.0,29.58,26.33,11.3,27.89,27.15,126.1,656,0.36,0,1,0
2017,1,33.4,25.0,28.48,53.0,66.9,32.6,31.16,0,175.24,Dry Season,2017-01-01,0,0,False,0.0,1445000,27.93,64.8,31.13,27.2,50.0,29.58,27.87,167.8,487,0.44,0,0,0
2017,2,34.2,24.1,28.36,30.1,69.9,26.5,31.35,0,148.87,Dry Season,2017-02-01,0,0,False,0.0,1445000,28.48,53.0,31.16,27.93,64.8,31.13,28.26,147.9,407,-0.02,0,0,0
2017,3,35.2,24.2,28.19,88.2,75.9,19.5,31.82,2,142.07,Long Rains,2017-03-01,0,0,False,0.0,1445000,28.36,30.1,31.35,28.48,53.0,31.16,28.34,171.3,269,0.23,1,0,0
2017,4,30.7,23.6,26.22,391.7,83.6,26.0,28.24,0,97.96,Long Rains,2017-04-01,0,0,False,0.0,1445000,28.19,88.2,31.82,28.36,30.1,31.35,27.59,510.0,220,-0.24,1,0,0
2017,5,29.0,23.0,25.26,368.7,85.7,23.4,26.24,0,85.51,Long Rains,2017-05-01,0,0,False,0.0,1445000,26.22,391.7,28.24,28.19,88.2,31.82,26.56,848.6,232,-0.56,1,0,0
2017,6,28.6,22.3,25.11,65.6,80.4,22.7,26.06,0,99.63,Dry Season,2017-06-01,0,0,False,0.0,1445000,25.26,368.7,26.24,26.22,391.7,28.24,25.53,826.0,169,-0.18,0,0,1
2017,7,28.4,20.8,24.65,40.1,77.5,25.8,25.4,0,115.42,Dry Season,2017-07-01,0,0,False,0.0,1445000,25.11,65.6,26.06,25.26,368.7,26.24,25.01,474.4,155,-0.09,0,0,1
2017,8,29.2,20.5,24.71,44.3,75.5,27.6,25.51,0,120.78,Dry Season,2017-08-01,0,0,False,0.0,1445000,24.65,40.1,25.4,25.11,65.6,26.06,24.82,150.0,223,-0.13,0,0,1
2017,9,30.6,20.3,25.14,35.3,74.8,27.7,26.15,0,132.87,Dry Season,2017-09-01,0,0,False,0.0,1445000,24.71,44.3,25.51,24.65,40.1,25.4,24.83,119.7,316,-0.28,0,0,1
2017,10,31.8,21.6,26.19,59.6,75.1,24.8,27.77,0,138.41,Short Rains,2017-10-01,0,0,False,0.0,1445000,25.14,35.3,26.15,24.71,44.3,25.51,25.35,139.2,388,-0.1,0,1,0
2017,11,30.5,23.0,26.31,179.8,82.6,19.1,28.42,0,122.16,Short Rains,2017-11-01,0,0,False,0.0,1445000,26.19,59.6,27.77,25.14,35.3,26.15,25.88,274.7,634,-0.54,0,1,0
2017,12,31.3,24.0,27.13,76.8,78.1,25.3,29.75,0,138.67,Short Rains,2017-12-01,0,0,False,0.0,1445000,26.31,179.8,28.42,26.19,59.6,27.77,26.54,316.2,807,-0.44,0,1,0
2018,1,32.7,22.7,27.01,37.4,74.4,27.1,29.24,0,148.54,Dry Season,2018-01-01,0,0,False,0.0,1480000,27.13,76.8,29.75,26.31,179.8,28.42,26.82,294.0,663,-1.03,0,0,0
2018,2,33.5,23.8,27.95,24.0,70.4,30.8,30.65,0,147.35,Dry Season,2018-02-01,0,0,False,0.0,1480000,27.01,37.4,29.24,27.13,76.8,29.75,27.36,138.2,540,-0.43,0,0,0
2018,3,32.6,24.0,27.37,169.9,80.4,21.9,30.56,0,121.59,Long Rains,2018-03-01,0,0,False,0.0,1480000,27.95,24.0,30.65,27.01,37.4,29.24,27.44,231.3,292,-0.59,1,0,0
2018,4,30.0,23.5,25.93,500.7,84.8,30.1,27.64,0,91.87,Long Rains,2018-04-01,0,0,False,0.0,1480000,27.37,169.9,30.56,27.95,24.0,30.65,27.08,694.6,249,-0.53,1,0,0
2018,5,29.1,23.1,25.35,254.8,84.8,21.8,26.38,0,89.96,Long Rains,2018-05-01,0,0,False,0.0,1480000,25.93,500.7,27.64,27.37,169.9,30.56,26.22,925.4,244,-0.47,1,0,0
2018,6,28.3,21.6,24.81,74.2,79.0,25.7,25.57,0,103.0,Dry Season,2018-06-01,0,0,False,0.0,1480000,25.35,254.8,26.38,25.93,500.7,27.64,25.36,829.7,227,-0.48,0,0,1
2018,7,28.3,21.2,24.35,54.4,77.4,27.1,24.96,0,110.69,Dry Season,2018-07-01,0,0,False,0.0,1480000,24.81,74.2,25.57,25.35,254.8,26.38,24.84,383.4,210,-0.39,0,0,1
2018,8,29.0,20.4,24.53,27.0,73.6,23.2,25.33,0,126.77,Dry Season,2018-08-01,0,0,False,0.0,1480000,24.35,54.4,24.96,24.81,74.2,25.57,24.56,155.6,275,-0.31,0,0,1
2018,9,30.2,20.2,25.15,66.1,74.6,21.8,26.12,0,130.59,Dry Season,2018-09-01,0,0,False,0.0,1480000,24.53,27.0,25.33,24.35,54.4,24.96,24.68,147.5,422,-0.27,0,0,1
2018,10,31.2,21.5,25.82,111.8,75.6,36.3,27.17,0,143.63,Short Rains,2018-10-01,0,0,False,0.0,1480000,25.15,66.1,26.12,24.53,27.0,25.33,25.17,204.9,465,-0.47,0,1,0
2018,11,31.3,21.9,26.41,77.3,80.4,21.6,28.54,0,128.78,Short Rains,2018-11-01,0,0,False,0.0,1480000,25.82,111.8,27.17,25.15,66.1,26.12,25.79,255.2,753,-0.43,0,1,0
2018,12,32.0,23.8,27.44,99.3,79.9,22.3,30.71,0,136.49,Short Rains,2018-12-01,0,0,False,0.0,1480000,26.41,77.3,28.54,25.82,111.8,27.17,26.56,288.4,1108,-0.13,0,1,0
2019,1,33.8,24.3,28.29,49.7,72.4,27.6,31.56,0,159.46,Dry Season,2019-01-01,0,0,False,0.0,1515000,27.44,99.3,30.71,26.41,77.3,28.54,27.38,226.3,759,0.25,0,0,0
2019,2,34.3,24.9,28.67,30.8,70.7,27.9,32.11,0,150.65,Dry Season,2019-02-01,0,0,False,0.0,1515000,28.29,49.7,31.56,27.44,99.3,30.71,28.13,179.8,608,0.29,0,0,0
2019,3,35.0,24.4,28.8,50.4,71.3,22.1,32.5,1,161.8,Long Rains,2019-03-01,0,0,False,0.0,1515000,28.67,30.8,32.11,28.29,49.7,31.56,28.59,130.9,385,0.84,1,0,0
2019,4,32.9,24.4,27.33,140.4,82.5,21.3,30.74,0,110.55,Long Rains,2019-04-01,0,0,False,0.0,1515000,28.8,50.4,32.5,28.67,30.8,32.11,28.27,221.6,311,0.87,1,0,0
2019,5,29.2,22.6,25.54,346.3,85.4,25.7,26.82,0,85.24,Long Rains,2019-05-01,0,0,False,0.0,1515000,27.33,140.4,30.74,28.8,50.4,32.5,27.22,537.1,373,-0.28,1,0,0
2019,6,28.8,22.3,25.41,25.2,75.3,26.3,26.54,0,120.86,Dry Season,2019-06-01,0,0,False,0.0,1515000,25.54,346.3,26.82,27.33,140.4,30.74,26.09,511.9,291,0.12,0,0,1
2019,7,29.1,21.1,24.89,44.3,75.3,29.9,25.8,0,119.99,Dry Season,2019-07-01,0,0,False,0.0,1515000,25.41,25.2,26.54,25.54,346.3,26.82,25.28,415.8,279,0.15,0,0,1
2019,8,30.0,20.5,24.88,53.3,76.0,28.6,25.74,0,122.92,Dry Season,2019-08-01,0,0,False,0.0,1515000,24.89,44.3,25.8,25.41,25.2,26.54,25.06,122.8,368,0.04,0,0,1
2019,9,30.9,21.4,25.32,66.0,75.6,31.9,26.36,0,130.23,Dry Season,2019-09-01,0,0,False,0.0,1515000,24.88,53.3,25.74,24.89,44.3,25.8,25.03,163.6,508,-0.1,0,0,1
2019,10,30.3,22.3,25.59,305.8,84.3,23.3,26.94,0,114.76,Short Rains,2019-10-01,0,0,False,0.0,1515000,25.32,66.0,26.36,24.88,53.3,25.74,25.26,425.1,563,-0.7,0,1,0
2019,11,31.0,22.8,26.62,132.5,82.5,21.7,29.11,0,124.44,Short Rains,2019-11-01,0,0,False,0.0,1515000,25.59,305.8,26.94,25.32,66.0,26.36,25.84,504.3,1036,-0.22,0,1,0
2019,12,31.6,23.6,27.12,196.4,83.6,26.2,30.35,0,122.61,Short Rains,2019-12-01,0,0,False,0.0,1515000,26.62,132.5,29.11,25.59,305.8,26.94,26.44,634.7,1298,-0.45,0,1,0
2020,1,32.2,24.4,27.8,87.5,79.7,28.1,31.52,0,139.11,Dry Season,2020-01-01,0,0,False,0.0,1550000,27.12,196.4,30.35,26.62,132.5,29.11,27.18,416.4,860,-0.24,0,0,0
2020,2,33.6,24.3,27.88,109.7,80.0,21.6,31.74,0,129.58,Dry Season,2020-02-01,0,0,False,0.0,1550000,27.8,87.5,31.52,27.12,196.4,30.35,27.6,393.6,731,-0.5,0,0,0
2020,3,32.8,24.5,27.54,202.6,83.3,18.9,31.36,0,116.44,Long Rains,2020-03-01,0,0,False,0.0,1550000,27.88,109.7,31.74,27.8,87.5,31.52,27.74,399.8,383,-0.42,1,0,0
2020,4,30.3,23.6,26.4,516.6,86.9,22.6,28.86,0,86.73,Long Rains,2020-04-01,0,0,False,0.0,1550000,27.54,202.6,31.36,27.88,109.7,31.74,27.27,828.9,303,-0.06,1,0,0
2020,5,29.1,21.9,25.7,164.4,82.6,24.9,27.21,0,96.51,Long Rains,2020-05-01,0,0,False,0.0,1550000,26.4,516.6,28.86,27.54,202.6,31.36,26.55,883.6,312,-0.12,1,0,0
2020,6,28.5,21.8,25.28,60.5,77.7,26.8,26.35,0,109.95,Dry Season,2020-06-01,0,0,False,0.0,1550000,25.7,164.4,27.21,26.4,516.6,28.86,25.79,741.5,262,-0.01,0,0,1
2020,7,29.1,21.5,24.69,42.6,73.5,31.8,25.52,0,127.05,Dry Season,2020-07-01,0,0,False,0.0,1550000,25.28,60.5,26.35,25.7,164.4,27.21,25.22,267.5,288,-0.05,0,0,1
2020,8,30.2,20.2,24.59,38.9,73.9,31.7,25.42,0,128.14,Dry Season,2020-08-01,0,0,False,0.0,1550000,24.69,42.6,25.52,25.28,60.5,26.35,24.85,142.0,363,-0.25,0,0,1
2020,9,31.5,20.7,25.29,42.2,73.2,25.2,26.35,0,135.1,Dry Season,2020-09-01,0,0,False,0.0,1550000,24.59,38.9,25.42,24.69,42.6,25.52,24.86,123.7,412,-0.13,0,0,1
2020,10,31.7,21.7,26.12,118.3,76.7,19.5,27.73,0,137.35,Short Rains,2020-10-01,0,0,False,0.0,1550000,25.29,42.2,26.35,24.59,38.9,25.42,25.33,199.4,603,-0.17,0,1,0
2020,11,31.5,22.7,26.42,143.9,81.7,18.0,28.62,0,119.3,Short Rains,2020-11-01,0,0,False,0.0,1550000,26.12,118.3,27.73,25.29,42.2,26.35,25.94,304.4,916,-0.42,0,1,0
2020,12,33.1,23.4,27.91,31.5,74.2,25.1,31.01,0,152.58,Short Rains,2020-12-01,0,0,False,0.0,1550000,26.42,143.9,28.62,26.12,118.3,27.73,26.82,293.7,1184,0.34,0,1,0
2021,1,33.6,24.0,27.74,54.2,73.0,24.4,30.46,0,153.73,Dry Season,2021-01-01,2,0,False,0.0126,1585000,27.91,31.5,31.01,26.42,143.9,28.62,27.36,229.6,349,-0.3,0,0,0
2021,2,33.9,23.4,27.89,44.1,73.4,22.4,30.86,0,131.31,Dry Season,2021-02-01,2,0,False,0.0126,1585000,27.74,54.2,30.46,27.91,31.5,31.01,27.85,129.8,308,-0.49,0,0,0
2021,3,34.2,23.3,28.19,32.8,71.7,24.9,31.25,0,155.94,Long Rains,2021-03-01,6,0,False,0.0379,1585000,27.89,44.1,30.86,27.74,54.2,30.46,27.94,131.1,212,0.23,1,0,0
2021,4,29.6,22.6,25.85,254.4,84.1,25.1,27.54,0,98.82,Long Rains,2021-04-01,6,0,False,0.0379,1585000,28.19,32.8,31.25,27.89,44.1,30.86,27.31,331.3,153,-0.61,1,0,0
2021,5,29.5,21.9,25.46,73.9,77.0,23.9,26.69,0,121.25,Long Rains,2021-05-01,5,0,False,0.0315,1585000,25.85,254.4,27.54,28.19,32.8,31.25,26.5,361.1,161,-0.36,1,0,0
2021,6,28.9,21.3,24.65,60.7,74.7,24.3,25.41,0,113.23,Dry Season,2021-06-01,2,0,False,0.0126,1585000,25.46,73.9,26.69,25.85,254.4,27.54,25.32,389.0,134,-0.64,0,0,1
2021,7,29.1,20.6,24.39,41.2,73.1,33.1,25.18,0,124.34,Dry Season,2021-07-01,1,0,False,0.0063,1585000,24.65,60.7,25.41,25.46,73.9,26.69,24.83,175.8,124,-0.35,0,0,1
2021,8,30.5,19.6,24.47,29.3,72.4,26.4,25.3,0,129.7,Dry Season,2021-08-01,2,0,False,0.0126,1585000,24.39,41.2,25.18,24.65,60.7,25.41,24.5,131.2,178,-0.38,0,0,1
2021,9,31.5,20.5,25.34,30.6,71.8,23.1,26.43,0,138.93,Dry Season,2021-09-01,3,0,False,0.0189,1585000,24.47,29.3,25.3,24.39,41.2,25.18,24.73,101.1,249,-0.08,0,0,1
2021,10,32.6,20.6,26.25,43.7,71.5,23.2,27.76,0,156.45,Short Rains,2021-10-01,5,0,False,0.0315,1585000,25.34,30.6,26.43,24.47,29.3,25.3,25.35,103.6,271,-0.04,0,1,0
2021,11,35.1,22.6,27.4,49.4,71.9,22.1,29.72,1,156.97,Short Rains,2021-11-01,7,0,False,0.0442,1585000,26.25,43.7,27.76,25.34,30.6,26.43,26.33,123.7,448,0.55,0,1,0
2021,12,31.8,22.6,26.58,133.7,80.7,20.1,28.88,0,131.11,Short Rains,2021-12-01,4,0,False,0.0252,1585000,27.4,49.4,29.72,26.25,43.7,27.76,26.74,226.8,579,-0.99,0,1,0
2022,1,35.2,24.5,28.31,53.8,69.4,29.9,31.19,2,169.54,Dry Season,2022-01-01,1,0,False,0.0062,1620000,26.58,133.7,28.88,27.4,49.4,29.72,27.43,236.9,319,0.27,0,0,0
2022,2,36.7,23.9,28.55,55.0,70.0,26.4,31.73,2,148.09,Dry Season,2022-02-01,1,0,False,0.0062,1620000,28.31,53.8,31.19,26.58,133.7,28.88,27.81,242.5,249,0.17,0,0,0
2022,3,34.7,22.9,28.42,52.9,68.9,22.9,31.26,0,167.83,Long Rains,2022-03-01,3,0,False,0.0185,1620000,28.55,55.0,31.73,28.31,53.8,31.19,28.43,161.7,172,0.46,1,0,0
2022,4,33.3,23.3,26.8,225.8,80.0,22.0,29.13,0,115.01,Long Rains,2022-04-01,3,0,False,0.0185,1620000,28.42,52.9,31.26,28.55,55.0,31.73,27.92,333.7,140,0.34,1,0,0
2022,5,30.2,23.0,26.32,58.7,75.3,25.1,28.03,0,134.68,Long Rains,2022-05-01,2,0,False,0.0123,1620000,26.8,225.8,29.13,28.42,52.9,31.26,27.18,337.4,125,0.5,1,0,0
2022,6,29.9,20.4,25.31,48.1,70.0,30.3,26.34,0,133.77,Dry Season,2022-06-01,1,0,False,0.0062,1620000,26.32,58.7,28.03,26.8,225.8,29.13,26.14,332.6,106,0.02,0,0,1
2022,7,28.5,20.4,23.89,62.8,74.3,25.1,24.56,0,115.54,Dry Season,2022-07-01,1,0,False,0.0062,1620000,25.31,48.1,26.34,26.32,58.7,28.03,25.17,169.6,123,-0.85,0,0,1
2022,8,29.5,19.5,24.09,32.0,71.7,24.0,24.92,0,133.4,Dry Season,2022-08-01,1,0,False,0.0062,1620000,23.89,62.8,24.56,25.31,48.1,26.34,24.43,142.9,131,-0.75,0,0,1
2022,9,30.8,20.3,25.02,35.4,70.4,30.2,26.01,0,147.37,Dry Season,2022-09-01,1,0,False,0.0062,1620000,24.09,32.0,24.92,23.89,62.8,24.56,24.33,130.2,179,-0.4,0,0,1
2022,10,32.0,19.9,25.69,40.3,70.2,23.5,26.83,0,163.42000000000002,Short Rains,2022-10-01,3,0,False,0.0185,1620000,25.02,35.4,26.01,24.09,32.0,24.92,24.93,107.7,251,-0.6,0,1,0
2022,11,33.2,21.9,26.85,70.7,73.6,20.2,28.87,0,143.9,Short Rains,2022-11-01,4,0,False,0.0247,1620000,25.69,40.3,26.83,25.02,35.4,26.01,25.85,146.4,438,0.01,0,1,0
2022,12,34.2,23.7,27.97,43.1,71.5,22.9,30.77,0,159.07999999999998,Short Rains,2022-12-01,2,0,False,0.0123,1620000,26.85,70.7,28.87,25.69,40.3,26.83,26.84,154.1,499,0.4,0,1,0
2023,1,33.8,23.8,28.05,29.0,70.2,28.7,30.76,0,166.72,Dry Season,2023-01-01,7,0,False,0.0423,1655000,27.97,43.1,30.77,26.85,70.7,28.87,27.62,142.8,1062,0.01,0,0,0
2023,2,35.2,24.2,28.67,18.8,66.2,27.7,31.41,1,165.31,Dry Season,2023-02-01,7,0,False,0.0423,1655000,28.05,29.0,30.76,27.97,43.1,30.77,28.23,90.9,903,0.29,0,0,0
2023,3,35.2,23.7,27.98,113.4,71.6,28.4,30.61,2,157.66,Long Rains,2023-03-01,17,0,False,0.1027,1655000,28.67,18.8,31.41,28.05,29.0,30.76,28.23,161.2,478,0.02,1,0,0
2023,4,31.3,22.6,26.03,439.2,84.0,21.7,27.79,0,97.17,Long Rains,2023-04-01,23,0,False,0.139,1655000,27.98,113.4,30.61,28.67,18.8,31.41,27.56,571.4,448,-0.43,1,0,0
2023,5,29.3,22.9,26.01,88.2,80.5,22.8,27.68,0,119.68,Long Rains,2023-05-01,16,0,False,0.0967,1655000,26.03,439.2,27.79,27.98,113.4,30.61,26.67,640.8,412,0.19,1,0,0
2023,6,28.6,21.7,25.11,60.8,78.3,25.4,26.03,0,113.03,Dry Season,2023-06-01,6,0,False,0.0363,1655000,26.01,88.2,27.68,26.03,439.2,27.79,25.72,588.2,351,-0.18,0,0,1
2023,7,28.9,20.8,24.67,58.5,75.8,28.3,25.46,0,125.06,Dry Season,2023-07-01,5,0,False,0.0302,1655000,25.11,60.8,26.03,26.01,88.2,27.68,25.26,207.5,351,-0.07,0,0,1
2023,8,31.2,20.5,25.04,67.4,74.3,33.2,25.98,0,134.69,Dry Season,2023-08-01,5,0,False,0.0302,1655000,24.67,58.5,25.46,25.11,60.8,26.03,24.94,186.7,429,0.2,0,0,1
2023,9,31.7,20.8,26.11,43.9,70.9,26.4,27.49,0,151.63,Dry Season,2023-09-01,7,0,False,0.0423,1655000,25.04,67.4,25.98,24.67,58.5,25.46,25.27,169.8,536,0.69,0,0,1
2023,10,33.5,21.9,26.82,122.5,73.8,25.3,28.82,0,152.26,Short Rains,2023-10-01,21,0,False,0.1269,1655000,26.11,43.9,27.49,25.04,67.4,25.98,25.99,233.8,827,0.53,0,1,0
2023,11,30.4,22.3,25.73,439.9,85.9,26.0,27.26,0,102.07,Short Rains,2023-11-01,21,0,False,0.1269,1655000,26.82,122.5,28.82,26.11,43.9,27.49,26.22,606.3,1139,-1.11,0,1,0
2023,12,32.5,23.0,27.43,137.4,81.7,21.6,30.89,0,140.32,Short Rains,2023-12-01,14,0,False,0.0846,1655000,25.73,439.9,27.26,26.82,122.5,28.82,26.66,699.8,1493,-0.14,0,1,0
2024,1,33.9,23.7,27.74,201.3,80.1,23.9,31.42,0,131.11,Dry Season,2024-01-01,3,0,False,0.0178,1690000,27.43,137.4,30.89,25.73,439.9,27.26,26.97,778.6,2517,-0.3,0,0,0
2024,2,35.1,24.1,29.19,63.9,72.8,27.6,33.66,1,154.34,Dry Season,2024-02-01,4,0,False,0.0237,1690000,27.74,201.3,31.42,27.43,137.4,30.89,28.12,402.6,2408,0.81,0,0,0
2024,3,35.5,24.1,28.45,147.6,75.6,21.5,32.29,2,146.52,Long Rains,2024-03-01,11,0,False,0.0651,1690000,29.19,63.9,33.66,27.74,201.3,31.42,28.46,412.8,1474,0.49,1,0,0
2024,4,30.5,24.0,26.04,499.3,85.0,24.1,27.87,0,86.4,Long Rains,2024-04-01,11,0,False,0.0651,1690000,28.45,147.6,32.29,29.19,63.9,33.66,27.89,710.8,1042,-0.42,1,0,0
2024,5,31.5,22.8,26.36,175.4,77.2,39.0,28.17,0,128.89,Long Rains,2024-05-01,10,0,False,0.0592,1690000,26.04,499.3,27.87,28.45,147.6,32.29,26.95,822.3,1182,0.54,1,0,0
2024,6,30.1,22.2,25.54,63.0,74.6,27.5,26.67,0,126.5,Dry Season,2024-06-01,3,0,False,0.0178,1690000,26.36,175.4,28.17,26.04,499.3,27.87,25.98,737.7,881,0.25,0,0,1
2024,7,29.8,20.9,24.9,38.8,74.9,22.7,25.77,0,129.26,Dry Season,2024-07-01,3,0,False,0.0178,1690000,25.54,63.0,26.67,26.36,175.4,28.17,25.6,277.2,976,0.16,0,0,1
2024,8,29.8,20.3,25.21,45.1,72.0,26.3,26.24,0,141.03,Dry Season,2024-08-01,2,0,False,0.0118,1690000,24.9,38.8,25.77,25.54,63.0,26.67,25.22,146.9,1086,0.37,0,0,1
2024,9,31.4,20.9,25.47,54.5,73.5,28.6,26.6,0,142.63,Dry Season,2024-09-01,5,0,False,0.0296,1690000,25.21,45.1,26.24,24.9,38.8,25.77,25.19,138.4,1725,0.05,0,0,1
2024,10,32.7,21.5,26.62,83.5,73.6,34.8,28.5,0,151.51,Short Rains,2024-10-01,10,0,False,0.0592,1690000,25.47,54.5,26.6,25.21,45.1,26.24,25.77,183.1,2064,0.33,0,1,0
2024,11,33.8,23.1,27.64,61.5,74.7,22.1,30.53,0,150.01,Short Rains,2024-11-01,14,0,False,0.0828,1690000,26.62,83.5,28.5,25.47,54.5,26.6,26.58,199.5,3646,0.8,0,1,0
2024,12,32.6,23.0,27.23,150.8,79.0,26.4,30.08,0,142.82,Short Rains,2024-12-01,8,0,False,0.0473,1690000,27.64,61.5,30.53,26.62,83.5,28.5,27.16,295.8,4089,-0.34,0,1,0
2025,1,35.1,23.9,28.51,46.4,70.8,37.8,31.78,1,175.79,Dry Season,2025-01-01,8,0,False,0.0464,1725000,27.23,150.8,30.08,27.64,61.5,30.53,27.79,258.7,808,0.47,0,0,0
2025,2,35.1,24.3,29.0,22.2,68.1,31.4,32.39,1,169.08,Dry Season,2025-02-01,7,0,False,0.0406,1725000,28.51,46.4,31.78,27.23,150.8,30.08,28.25,219.4,635,0.62,0,0,0
2025,3,36.2,23.3,28.45,115.6,74.5,31.2,32.14,2,153.25,Long Rains,2025-03-01,28,0,False,0.1623,1725000,29.0,22.2,32.39,28.51,46.4,31.78,28.65,184.2,463,0.49,1,0,0
2025,4,30.2,22.9,25.85,369.9,86.6,22.1,27.54,0,99.59,Long Rains,2025-04-01,32,0,False,0.1855,1725000,28.45,115.6,32.14,29.0,22.2,32.39,27.77,507.7,382,-0.61,1,0,0
2025,5,29.0,22.8,25.54,296.7,83.5,26.0,26.81,0,101.64,Long Rains,2025-05-01,21,0,False,0.1217,1725000,25.85,369.9,27.54,28.45,115.6,32.14,26.61,782.2,330,-0.28,1,0,0
2025,6,28.4,21.7,24.75,160.2,80.6,29.5,25.42,0,105.84,Dry Season,2025-06-01,9,0,False,0.0522,1725000,25.54,296.7,26.81,25.85,369.9,27.54,25.38,826.8,291,-0.54,0,0,1
2025,7,28.4,21.1,24.63,35.5,74.5,33.4,25.45,0,127.48,Dry Season,2025-07-01,7,0,False,0.0406,1725000,24.75,160.2,25.42,25.54,296.7,26.81,24.97,492.4,301,-0.11,0,0,1
2025,8,29.4,20.4,24.48,33.6,71.7,32.6,25.35,0,137.19,Dry Season,2025-08-01,6,0,False,0.0348,1725000,24.63,35.5,25.45,24.75,160.2,25.42,24.62,229.3,355,-0.36,0,0,1
2025,9,31.5,20.5,25.21,37.8,71.7,24.5,26.27,0,145.5,Dry Season,2025-09-01,10,0,False,0.058,1725000,24.48,33.6,25.35,24.63,35.5,25.45,24.77,106.9,493,-0.21,0,0,1
2025,10,32.2,21.4,25.82,79.2,75.1,31.8,27.15,0,148.42,Short Rains,2025-10-01,23,0,False,0.1333,1725000,25.21,37.8,26.27,24.48,33.6,25.35,25.17,150.6,591,-0.47,0,1,0
2025,11,33.4,22.7,27.21,88.3,74.3,26.4,29.54,0,155.36,Short Rains,2025-11-01,26,0,False,0.1507,1725000,25.82,79.2,27.15,25.21,37.8,26.27,26.08,205.3,884,0.37,0,1,0
2025,12,33.8,23.4,28.15,133.6,73.2,26.8,31.31,0,161.94,Short Rains,2025-12-01,23,0,False,0.1333,1725000,27.21,88.3,29.54,25.82,79.2,27.15,27.06,301.1,1457,0.58,0,1,0
2026,1,33.7,23.6,28.22,27.0,68.3,33.7,30.84,0,181.02,Dry Season,2026-01-01,1,0,False,0.0057,1760000,28.15,133.6,31.31,27.21,88.3,29.54,27.86,248.9,329,0.18,0,0,0
2026,2,34.6,24.0,28.46,81.8,70.5,25.3,31.58,0,153.72,Dry Season,2026-02-01,1,0,False,0.0057,1760000,28.22,27.0,30.84,28.15,133.6,31.31,28.28,242.4,258,0.08,0,0,0
2026,3,32.3,22.7,26.87,261.2,82.1,23.2,29.55,0,120.97,Long Rains,2026-03-01,2,0,False,0.0114,1760000,28.46,81.8,31.58,28.22,27.0,30.84,27.85,370.0,144,-1.09,1,0,0
2026,4,31.9,23.1,26.38,291.3,83.6,22.9,28.54,0,111.37,Long Rains,2026-04-01,2,0,False,0.0114,1760000,26.87,261.2,29.55,28.46,81.8,31.58,27.24,634.3,120,-0.08,1,0,0
