year,month,temp_max_c,temp_min_c,temp_mean_c,rainfall_mm,humidity_mean_pct,wind_speed_max,heat_index_c,extreme_heat_days,evapotrans_mm,season,date
2010,1,31.6,25.0,27.95,45.9,74.0,27.4,31.07,0,156.18,Dry Season,2010-01-01
2010,2,32.6,25.2,28.49,50.0,74.4,26.5,32.3,0,143.65,Dry Season,2010-02-01
2010,3,32.7,25.0,28.28,114.5,76.6,25.8,32.13,0,147.8,Long Rains,2010-03-01
2010,4,30.9,24.6,26.92,201.9,83.6,21.3,29.85,0,105.98,Long Rains,2010-04-01
2010,5,29.8,24.4,26.49,88.7,81.9,21.8,28.74,0,107.83,Long Rains,2010-05-01
2010,6,29.2,23.3,25.76,45.5,75.1,26.3,27.08,0,113.42,Dry Season,2010-06-01
2010,7,28.9,22.2,25.06,18.1,71.1,27.7,26.05,0,127.23,Dry Season,2010-07-01
2010,8,29.4,22.2,25.11,14.7,69.7,33.0,26.09,0,137.9,Dry Season,2010-08-01
2010,9,29.4,21.7,25.4,11.9,70.4,26.3,26.47,0,142.07,Dry Season,2010-09-01
2010,10,31.6,21.7,26.58,18.5,71.3,23.1,28.27,0,159.47,Short Rains,2010-10-01
2010,11,30.6,23.8,26.93,76.6,78.2,21.9,29.4,0,138.78,Short Rains,2010-11-01
2010,12,30.6,24.2,27.4,77.7,77.1,23.3,30.25,0,150.49,Short Rains,2010-12-01
2011,1,31.3,25.5,28.12,32.6,71.5,32.6,31.12,0,170.9,Dry Season,2011-01-01
2011,2,32.8,25.1,28.16,38.2,72.3,32.7,31.3,0,149.02,Dry Season,2011-02-01
2011,3,32.1,24.8,27.95,84.0,75.3,25.0,31.23,0,148.87,Long Rains,2011-03-01
2011,4,30.0,24.0,26.42,200.5,83.6,21.6,28.71,0,106.3,Long Rains,2011-04-01
2011,5,29.6,23.8,26.03,88.3,81.7,23.7,27.72,0,109.08,Long Rains,2011-05-01
2011,6,29.7,23.3,25.68,22.6,75.4,26.9,26.94,0,115.50999999999999,Dry Season,2011-06-01
2011,7,29.0,22.4,25.25,13.8,70.0,27.2,26.29,0,132.03,Dry Season,2011-07-01
2011,8,29.9,22.1,25.22,20.1,71.1,26.2,26.22,0,135.95,Dry Season,2011-08-01
2011,9,30.4,22.2,25.69,29.7,72.8,23.0,26.91,0,135.67,Dry Season,2011-09-01
2011,10,31.6,23.0,26.2,60.699999999999996,76.0,26.3,27.83,0,143.61,Short Rains,2011-10-01
2011,11,31.7,24.0,26.69,153.1,80.7,21.2,29.02,0,125.99,Short Rains,2011-11-01
2011,12,31.0,24.7,27.49,105.6,80.2,27.8,30.88,0,143.25,Short Rains,2011-12-01
2012,1,30.7,25.6,27.76,11.5,73.7,27.8,30.67,0,166.79,Dry Season,2012-01-01
2012,2,32.3,24.1,27.94,34.900000000000006,71.8,28.6,30.81,0,158.93,Dry Season,2012-02-01
2012,3,31.2,24.7,27.84,83.5,77.2,20.3,31.26,0,146.38,Long Rains,2012-03-01
2012,4,32.1,23.5,26.91,183.8,77.2,25.0,29.16,0,120.37,Long Rains,2012-04-01
2012,5,28.8,21.8,25.57,148.3,81.8,27.5,26.84,0,102.48,Long Rains,2012-05-01
2012,6,28.8,22.7,25.28,30.400000000000002,75.5,27.7,26.33,0,115.8,Dry Season,2012-06-01
2012,7,28.5,21.8,24.8,14.0,73.1,28.7,25.71,0,122.27,Dry Season,2012-07-01
2012,8,29.1,22.0,24.97,28.3,72.8,23.2,25.89,0,130.43,Dry Season,2012-08-01
2012,9,30.3,21.4,25.81,8.8,70.4,21.5,27.04,0,143.49,Dry Season,2012-09-01
2012,10,31.4,23.7,26.77,26.0,69.7,22.6,28.47,0,159.65,Short Rains,2012-10-01
2012,11,31.2,23.9,27.25,78.3,76.6,26.8,29.97,0,139.37,Short Rains,2012-11-01
2012,12,31.5,24.5,27.79,107.9,77.7,23.1,31.25,0,146.46,Short Rains,2012-12-01
2013,1,32.2,25.1,28.37,46.6,73.8,27.9,31.99,0,162.16,Dry Season,2013-01-01
2013,2,32.2,25.0,28.29,6.9,70.6,24.9,31.33,0,158.32999999999998,Dry Season,2013-02-01
2013,3,32.0,24.4,27.19,183.0,81.5,20.0,30.27,0,119.02,Long Rains,2013-03-01
2013,4,30.6,24.1,26.75,155.0,82.8,22.5,29.43,0,109.52,Long Rains,2013-04-01
2013,5,28.7,23.6,25.73,96.6,81.6,25.5,27.13,0,103.82000000000001,Long Rains,2013-05-01
2013,6,28.8,22.8,25.25,17.5,72.4,26.4,26.29,0,121.42,Dry Season,2013-06-01
2013,7,28.9,21.9,24.71,14.1,72.0,27.0,25.61,0,122.88,Dry Season,2013-07-01
2013,8,29.4,21.0,24.84,19.2,72.5,27.0,25.75,0,127.46,Dry Season,2013-08-01
2013,9,30.3,21.8,25.53,34.6,72.1,25.0,26.67,0,139.66,Dry Season,2013-09-01
2013,10,31.0,23.0,26.23,43.1,73.3,23.9,27.72,0,148.21,Short Rains,2013-10-01
2013,11,31.6,23.9,27.09,86.6,76.9,22.2,29.6,0,138.29,Short Rains,2013-11-01
2013,12,31.3,23.9,27.6,79.4,77.4,29.6,30.75,0,152.67,Short Rains,2013-12-01
2014,1,31.4,25.6,27.99,7.4,70.3,29.7,30.7,0,173.6,Dry Season,2014-01-01
2014,2,31.9,25.9,28.27,12.9,72.6,26.1,31.57,0,146.03,Dry Season,2014-02-01
2014,3,32.1,24.3,27.3,202.6,81.4,22.2,30.5,0,123.75999999999999,Long Rains,2014-03-01
2014,4,29.6,23.9,26.22,189.8,84.8,20.0,28.35,0,104.21,Long Rains,2014-04-01
2014,5,28.9,23.4,25.65,139.8,82.1,24.6,27.01,0,102.42,Long Rains,2014-05-01
2014,6,28.7,23.0,25.52,19.099999999999998,75.5,27.8,26.75,0,114.81,Dry Season,2014-06-01
2014,7,28.7,22.4,25.02,25.6,73.4,28.4,25.95,0,122.89999999999999,Dry Season,2014-07-01
2014,8,29.6,20.9,25.17,13.9,73.9,22.5,26.19,0,128.6,Dry Season,2014-08-01
2014,9,29.2,22.6,25.23,33.9,73.2,28.2,26.27,0,134.21,Dry Season,2014-09-01
2014,10,30.8,22.6,26.47,36.3,74.2,32.6,28.23,0,149.87,Short Rains,2014-10-01
2014,11,32.0,23.8,27.04,102.3,79.0,19.0,29.68,0,138.08,Short Rains,2014-11-01
2014,12,31.1,24.3,27.69,69.2,77.5,26.5,30.92,0,148.34,Short Rains,2014-12-01
2015,1,31.0,25.6,27.67,8.4,71.9,32.4,30.28,0,165.91,Dry Season,2015-01-01
2015,2,32.7,25.1,28.38,6.9,70.8,29.4,31.53,0,157.48,Dry Season,2015-02-01
2015,3,32.6,24.1,27.45,156.1,76.5,24.0,30.08,0,138.35,Long Rains,2015-03-01
2015,4,30.6,23.7,26.98,97.4,81.1,23.8,29.77,0,118.6,Long Rains,2015-04-01
2015,5,29.7,23.9,25.9,234.29999999999998,82.1,24.6,27.44,0,100.61,Long Rains,2015-05-01
2015,6,29.8,22.8,25.67,20.9,74.1,24.9,26.93,0,117.89,Dry Season,2015-06-01
2015,7,28.7,22.5,25.1,27.2,74.6,25.0,26.08,0,117.13,Dry Season,2015-07-01
2015,8,29.5,22.1,25.27,14.2,71.7,31.3,26.32,0,133.91,Dry Season,2015-08-01
2015,9,30.5,21.5,25.77,11.1,71.0,29.5,27.01,0,144.16,Dry Season,2015-09-01
2015,10,31.9,23.7,27.15,23.6,71.7,22.8,29.25,0,157.39,Short Rains,2015-10-01
2015,11,29.8,24.2,26.73,162.3,81.9,27.2,29.3,0,125.66,Short Rains,2015-11-01
2015,12,31.7,25.0,28.22,66.1,77.0,25.6,32.15,0,156.73,Short Rains,2015-12-01
2016,1,31.8,25.2,28.57,43.5,74.4,26.4,32.52,0,154.01,Dry Season,2016-01-01
2016,2,32.5,26.0,28.43,9.8,72.2,29.0,31.88,0,150.93,Dry Season,2016-02-01
2016,3,33.0,25.5,29.01,84.5,76.4,22.3,33.93,0,150.64,Long Rains,2016-03-01
2016,4,30.5,24.4,26.79,341.2,84.5,26.5,29.63,0,94.8,Long Rains,2016-04-01
2016,5,29.5,23.4,26.25,20.0,74.4,29.2,27.96,0,131.28,Long Rains,2016-05-01
2016,6,29.4,22.6,25.51,18.6,73.0,28.5,26.66,0,124.33,Dry Season,2016-06-01
2016,7,29.0,21.9,24.81,9.6,71.5,28.6,25.75,0,129.62,Dry Season,2016-07-01
2016,8,29.1,21.8,24.94,19.5,72.1,28.2,25.88,0,131.4,Dry Season,2016-08-01
2016,9,29.5,21.6,25.26,11.700000000000001,69.6,23.1,26.29,0,143.19,Dry Season,2016-09-01
2016,10,30.5,22.9,26.33,11.3,71.3,22.3,27.89,0,157.91,Short Rains,2016-10-01
2016,11,31.4,24.4,27.2,50.0,74.2,21.7,29.58,0,148.06,Short Rains,2016-11-01
2016,12,31.8,24.2,27.93,64.8,74.8,23.3,31.13,0,157.63,Short Rains,2016-12-01
2017,1,33.4,25.0,28.48,53.0,66.9,32.6,31.16,0,175.24,Dry Season,2017-01-01
2017,2,34.2,24.1,28.36,30.1,69.9,26.5,31.35,0,148.87,Dry Season,2017-02-01
2017,3,35.2,24.2,28.19,88.2,75.9,19.5,31.82,2,142.07,Long Rains,2017-03-01
2017,4,30.7,23.6,26.22,391.7,83.6,26.0,28.24,0,97.96,Long Rains,2017-04-01
2017,5,29.0,23.0,25.26,368.7,85.7,23.4,26.24,0,85.51,Long Rains,2017-05-01
2017,6,28.6,22.3,25.11,65.6,80.4,22.7,26.06,0,99.63,Dry Season,2017-06-01
2017,7,28.4,20.8,24.65,40.1,77.5,25.8,25.4,0,115.42,Dry Season,2017-07-01
2017,8,29.2,20.5,24.71,44.3,75.5,27.6,25.51,0,120.78,Dry Season,2017-08-01
2017,9,30.6,20.3,25.14,35.3,74.8,27.7,26.15,0,132.87,Dry Season,2017-09-01
2017,10,31.8,21.6,26.19,59.6,75.1,24.8,27.77,0,138.41,Short Rains,2017-10-01
2017,11,30.5,23.0,26.31,179.8,82.6,19.1,28.42,0,122.16,Short Rains,2017-11-01
2017,12,31.3,24.0,27.13,76.8,78.1,25.3,29.75,0,138.67,Short Rains,2017-12-01
2018,1,32.7,22.7,27.01,37.4,74.4,27.1,29.24,0,148.54,Dry Season,2018-01-01
2018,2,33.5,23.8,27.95,24.0,70.4,30.8,30.65,0,147.35,Dry Season,2018-02-01
2018,3,32.6,24.0,27.37,169.9,80.4,21.9,30.56,0,121.59,Long Rains,2018-03-01
2018,4,30.0,23.5,25.93,500.7,84.8,30.1,27.64,0,91.87,Long Rains,2018-04-01
2018,5,29.1,23.1,25.35,254.8,84.8,21.8,26.38,0,89.96,Long Rains,2018-05-01
2018,6,28.3,21.6,24.81,74.2,79.0,25.7,25.57,0,103.0,Dry Season,2018-06-01
2018,7,28.3,21.2,24.35,54.4,77.4,27.1,24.96,0,110.69,Dry Season,2018-07-01
2018,8,29.0,20.4,24.53,27.0,73.6,23.2,25.33,0,126.77,Dry Season,2018-08-01
2018,9,30.2,20.2,25.15,66.1,74.6,21.8,26.12,0,130.59,Dry Season,2018-09-01
2018,10,31.2,21.5,25.82,111.8,75.6,36.3,27.17,0,143.63,Short Rains,2018-10-01
2018,11,31.3,21.9,26.41,77.3,80.4,21.6,28.54,0,128.78,Short Rains,2018-11-01
2018,12,32.0,23.8,27.44,99.3,79.9,22.3,30.71,0,136.49,Short Rains,2018-12-01
2019,1,33.8,24.3,28.29,49.7,72.4,27.6,31.56,0,159.46,Dry Season,2019-01-01
2019,2,34.3,24.9,28.67,30.8,70.7,27.9,32.11,0,150.65,Dry Season,2019-02-01
2019,3,35.0,24.4,28.8,50.4,71.3,22.1,32.5,1,161.8,Long Rains,2019-03-01
2019,4,32.9,24.4,27.33,140.4,82.5,21.3,30.74,0,110.55,Long Rains,2019-04-01
2019,5,29.2,22.6,25.54,346.3,85.4,25.7,26.82,0,85.24,Long Rains,2019-05-01
2019,6,28.8,22.3,25.41,25.2,75.3,26.3,26.54,0,120.86,Dry Season,2019-06-01
2019,7,29.1,21.1,24.89,44.3,75.3,29.9,25.8,0,119.99,Dry Season,2019-07-01
2019,8,30.0,20.5,24.88,53.300000000000004,76.0,28.6,25.74,0,122.92,Dry Season,2019-08-01
2019,9,30.9,21.4,25.32,66.0,75.6,31.9,26.36,0,130.23,Dry Season,2019-09-01
2019,10,30.3,22.3,25.59,305.8,84.3,23.3,26.94,0,114.76,Short Rains,2019-10-01
2019,11,31.0,22.8,26.62,132.5,82.5,21.7,29.11,0,124.44,Short Rains,2019-11-01
2019,12,31.6,23.6,27.12,196.4,83.6,26.2,30.35,0,122.61,Short Rains,2019-12-01
2020,1,32.2,24.4,27.8,87.5,79.7,28.1,31.52,0,139.10999999999999,Dry Season,2020-01-01
2020,2,33.6,24.3,27.88,109.7,80.0,21.6,31.74,0,129.58,Dry Season,2020-02-01
2020,3,32.8,24.5,27.54,202.6,83.3,18.9,31.36,0,116.44,Long Rains,2020-03-01
2020,4,30.3,23.6,26.4,516.6,86.9,22.6,28.86,0,86.73,Long Rains,2020-04-01
2020,5,29.1,21.9,25.7,164.4,82.6,24.9,27.21,0,96.51,Long Rains,2020-05-01
2020,6,28.5,21.8,25.28,60.5,77.7,26.8,26.35,0,109.95,Dry Season,2020-06-01
2020,7,29.1,21.5,24.69,42.6,73.5,31.8,25.52,0,127.05,Dry Season,2020-07-01
2020,8,30.2,20.2,24.59,38.9,73.9,31.7,25.42,0,128.14,Dry Season,2020-08-01
2020,9,31.5,20.7,25.29,42.2,73.2,25.2,26.35,0,135.1,Dry Season,2020-09-01
2020,10,31.7,21.7,26.12,118.3,76.7,19.5,27.73,0,137.35,Short Rains,2020-10-01
2020,11,31.5,22.7,26.42,143.9,81.7,18.0,28.62,0,119.3,Short Rains,2020-11-01
2020,12,33.1,23.4,27.91,31.5,74.2,25.1,31.01,0,152.58,Short Rains,2020-12-01
2021,1,33.6,24.0,27.74,54.2,73.0,24.4,30.46,0,153.73,Dry Season,2021-01-01
2021,2,33.9,23.4,27.89,44.1,73.4,22.4,30.86,0,131.31,Dry Season,2021-02-01
2021,3,34.2,23.3,28.19,32.8,71.7,24.9,31.25,0,155.94,Long Rains,2021-03-01
2021,4,29.6,22.6,25.85,254.4,84.1,25.1,27.54,0,98.82,Long Rains,2021-04-01
2021,5,29.5,21.9,25.46,73.9,77.0,23.9,26.69,0,121.25,Long Rains,2021-05-01
2021,6,28.9,21.3,24.65,60.7,74.7,24.3,25.41,0,113.23,Dry Season,2021-06-01
2021,7,29.1,20.6,24.39,41.2,73.1,33.1,25.18,0,124.34,Dry Season,2021-07-01
2021,8,30.5,19.6,24.47,29.3,72.4,26.4,25.3,0,129.7,Dry Season,2021-08-01
2021,9,31.5,20.5,25.34,30.6,71.8,23.1,26.43,0,138.93,Dry Season,2021-09-01
2021,10,32.6,20.6,26.25,43.7,71.5,23.2,27.76,0,156.45,Short Rains,2021-10-01
2021,11,35.1,22.6,27.4,49.4,71.9,22.1,29.72,1,156.97,Short Rains,2021-11-01
2021,12,31.8,22.6,26.58,133.7,80.7,20.1,28.88,0,131.10999999999999,Short Rains,2021-12-01
2022,1,35.2,24.5,28.31,53.8,69.4,29.9,31.19,2,169.54,Dry Season,2022-01-01
2022,2,36.7,23.9,28.55,55.0,70.0,26.4,31.73,2,148.09,Dry Season,2022-02-01
2022,3,34.7,22.9,28.42,52.9,68.9,22.9,31.26,0,167.83,Long Rains,2022-03-01
2022,4,33.3,23.3,26.8,225.8,80.0,22.0,29.13,0,115.01,Long Rains,2022-04-01
2022,5,30.2,23.0,26.32,58.7,75.3,25.1,28.03,0,134.68,Long Rains,2022-05-01
2022,6,29.9,20.4,25.31,48.1,70.0,30.3,26.34,0,133.77,Dry Season,2022-06-01
2022,7,28.5,20.4,23.89,62.8,74.3,25.1,24.56,0,115.53999999999999,Dry Season,2022-07-01
2022,8,29.5,19.5,24.09,32.0,71.7,24.0,24.92,0,133.4,Dry Season,2022-08-01
2022,9,30.8,20.3,25.02,35.4,70.4,30.2,26.01,0,147.37,Dry Season,2022-09-01
2022,10,32.0,19.9,25.69,40.3,70.2,23.5,26.83,0,163.42000000000002,Short Rains,2022-10-01
2022,11,33.2,21.9,26.85,70.7,73.6,20.2,28.87,0,143.9,Short Rains,2022-11-01
2022,12,34.2,23.7,27.97,43.1,71.5,22.9,30.77,0,159.07999999999998,Short Rains,2022-12-01
2023,1,33.8,23.8,28.05,29.0,70.2,28.7,30.76,0,166.72,Dry Season,2023-01-01
2023,2,35.2,24.2,28.67,18.8,66.2,27.7,31.41,1,165.31,Dry Season,2023-02-01
2023,3,35.2,23.7,27.98,113.4,71.6,28.4,30.61,2,157.66,Long Rains,2023-03-01
2023,4,31.3,22.6,26.03,439.2,84.0,21.7,27.79,0,97.17,Long Rains,2023-04-01
2023,5,29.3,22.9,26.01,88.2,80.5,22.8,27.68,0,119.68,Long Rains,2023-05-01
2023,6,28.6,21.7,25.11,60.8,78.3,25.4,26.03,0,113.03,Dry Season,2023-06-01
2023,7,28.9,20.8,24.67,58.5,75.8,28.3,25.46,0,125.06,Dry Season,2023-07-01
2023,8,31.2,20.5,25.04,67.4,74.3,33.2,25.98,0,134.69,Dry Season,2023-08-01
2023,9,31.7,20.8,26.11,43.9,70.9,26.4,27.49,0,151.63,Dry Season,2023-09-01
2023,10,33.5,21.9,26.82,122.5,73.8,25.3,28.82,0,152.26,Short Rains,2023-10-01
2023,11,30.4,22.3,25.73,439.90000000000003,85.9,26.0,27.26,0,102.07,Short Rains,2023-11-01
2023,12,32.5,23.0,27.43,137.4,81.7,21.6,30.89,0,140.32,Short Rains,2023-12-01
2024,1,33.9,23.7,27.74,201.3,80.1,23.9,31.42,0,131.11,Dry Season,2024-01-01
2024,2,35.1,24.1,29.19,63.9,72.8,27.6,33.66,1,154.34,Dry Season,2024-02-01
2024,3,35.5,24.1,28.45,147.6,75.6,21.5,32.29,2,146.52,Long Rains,2024-03-01
2024,4,30.5,24.0,26.04,499.3,85.0,24.1,27.87,0,86.4,Long Rains,2024-04-01
2024,5,31.5,22.8,26.36,175.4,77.2,39.0,28.17,0,128.89,Long Rains,2024-05-01
2024,6,30.1,22.2,25.54,63.0,74.6,27.5,26.67,0,126.5,Dry Season,2024-06-01
2024,7,29.8,20.9,24.9,38.800000000000004,74.9,22.7,25.77,0,129.26,Dry Season,2024-07-01
2024,8,29.8,20.3,25.21,45.1,72.0,26.3,26.24,0,141.03,Dry Season,2024-08-01
2024,9,31.4,20.9,25.47,54.5,73.5,28.6,26.6,0,142.63,Dry Season,2024-09-01
2024,10,32.7,21.5,26.62,83.5,73.6,34.8,28.5,0,151.51,Short Rains,2024-10-01
2024,11,33.8,23.1,27.64,61.5,74.7,22.1,30.53,0,150.01,Short Rains,2024-11-01
2024,12,32.6,23.0,27.23,150.8,79.0,26.4,30.08,0,142.82,Short Rains,2024-12-01
2025,1,35.1,23.9,28.51,46.4,70.8,37.8,31.78,1,175.79,Dry Season,2025-01-01
2025,2,35.1,24.3,29.0,22.2,68.1,31.4,32.39,1,169.08,Dry Season,2025-02-01
2025,3,36.2,23.3,28.45,115.6,74.5,31.2,32.14,2,153.25,Long Rains,2025-03-01
2025,4,30.2,22.9,25.85,369.9,86.6,22.1,27.54,0,99.59,Long Rains,2025-04-01
2025,5,29.0,22.8,25.54,296.7,83.5,26.0,26.81,0,101.64,Long Rains,2025-05-01
2025,6,28.4,21.7,24.75,160.2,80.6,29.5,25.42,0,105.84,Dry Season,2025-06-01
2025,7,28.4,21.1,24.63,35.5,74.5,33.4,25.45,0,127.48,Dry Season,2025-07-01
2025,8,29.4,20.4,24.48,33.6,71.7,32.6,25.35,0,137.19,Dry Season,2025-08-01
2025,9,31.5,20.5,25.21,37.8,71.7,24.5,26.27,0,145.5,Dry Season,2025-09-01
2025,10,32.2,21.4,25.82,79.2,75.1,31.8,27.15,0,148.42,Short Rains,2025-10-01
2025,11,33.4,22.7,27.21,88.3,74.3,26.4,29.54,0,155.36,Short Rains,2025-11-01
2025,12,33.8,23.4,28.15,133.6,73.2,26.8,31.31,0,161.94,Short Rains,2025-12-01
2026,1,33.7,23.6,28.22,27.0,68.3,33.7,30.84,0,181.02,Dry Season,2026-01-01
2026,2,34.6,24.0,28.46,81.8,70.5,25.3,31.58,0,153.72,Dry Season,2026-02-01
2026,3,32.3,22.7,26.87,261.2,82.1,23.2,29.55,0,120.97,Long Rains,2026-03-01
2026,4,31.9,23.1,26.38,291.3,83.6,22.9,28.54,0,111.37,Long Rains,2026-04-01
